date,maximum_rainfall_in_a_day,no_of_rainy_days,total_rainfall,wbt_mean,wbt_min,wbt_max,mean_rh,mean_temp,dengue_cases
1982-01-01,36.5,10.0,107.1,23.45604838709677,21.3,25.6,81.2,25.9,
1982-02-01,9.4,5.0,27.8,24.297619047619047,22.4,26.8,79.5,27.1,
1982-03-01,61.7,11.0,160.8,24.811559139784944,22.4,27.4,82.3,27.2,
1982-04-01,45.1,14.0,157.0,25.10375,22.2,27.6,85.9,27.0,
1982-05-01,33.0,10.0,102.2,25.689650537634407,22.7,28.1,83.2,28.0,
1982-06-01,20.6,8.0,59.5,25.729305555555552,23.3,27.9,80.3,28.4,
1982-07-01,17.2,8.0,76.3,25.107258064516127,22.1,27.5,77.6,28.2,
1982-08-01,57.7,11.0,169.5,25.02755376344086,22.4,27.1,80.4,27.7,
1982-09-01,18.0,9.0,54.1,25.243055555555557,23.0,27.1,80.6,27.9,
1982-10-01,10.0,10.0,39.3,24.90067204301075,22.2,26.9,81.5,27.4,
1982-11-01,39.6,13.0,134.0,25.068888888888885,22.5,27.5,83.4,27.3,
1982-12-01,109.0,21.0,494.1,24.621639784946236,22.6,27.0,87.7,26.2,
1983-01-01,43.2,18.0,246.0,24.554973118279573,22.9,27.0,85.6,26.5,
1983-02-01,5.1,2.0,5.6,24.97440476190476,22.1,27.8,78.0,28.1,
1983-03-01,18.3,2.0,18.6,25.439247311827955,22.5,27.7,76.0,28.9,
1983-04-01,21.3,4.0,33.6,26.09347222222222,22.8,28.0,77.2,29.4,
1983-05-01,32.3,11.0,160.8,25.95685483870968,23.0,28.1,83.2,28.3,
1983-06-01,27.7,11.0,94.0,25.872500000000002,21.0,28.0,82.4,28.3,
1983-07-01,55.5,18.0,190.0,25.422043010752688,21.2,27.5,83.7,27.6,
1983-08-01,181.8,10.0,262.2,25.54959677419355,21.7,27.5,81.2,28.1,
1983-09-01,50.3,18.0,170.8,25.13722222222222,22.8,27.3,84.4,27.2,
1983-10-01,40.0,17.0,212.7,25.239247311827956,22.3,27.4,82.5,27.6,
1983-11-01,54.8,18.0,228.8,24.687638888888888,21.2,27.6,85.2,26.6,
1983-12-01,164.4,16.0,370.6,23.882526881720427,21.6,26.3,88.0,25.4,
1984-01-01,62.3,18.0,251.2,23.667876344086025,21.1,26.1,85.8,25.5,
1984-02-01,154.4,19.0,470.4,24.00991379310345,21.2,26.3,86.0,25.8,
1984-03-01,119.4,19.0,361.3,24.6002688172043,22.0,27.0,85.4,26.5,
1984-04-01,38.7,17.0,153.1,25.178472222222222,22.8,27.4,83.8,27.3,
1984-05-01,46.0,12.0,186.5,25.15645161290323,22.3,27.3,84.1,27.3,
1984-06-01,121.1,14.0,255.0,25.2575,21.0,27.4,83.1,27.5,
1984-07-01,49.2,12.0,127.2,24.984274193548387,22.4,27.1,83.7,27.2,
1984-08-01,22.5,13.0,102.7,25.241935483870968,21.8,27.5,84.1,27.4,
1984-09-01,46.5,17.0,186.7,24.65791666666667,21.0,27.5,83.9,26.8,
1984-10-01,47.2,11.0,187.5,25.00712365591398,21.5,27.2,82.5,27.4,
1984-11-01,35.4,17.0,127.7,24.650138888888886,22.2,27.2,86.3,26.5,
1984-12-01,58.4,22.0,277.4,24.245833333333334,21.2,26.4,86.7,26.0,
1985-01-01,35.5,7.0,111.1,24.091129032258063,22.0,27.1,81.5,26.6,
1985-02-01,18.7,11.0,79.3,24.892857142857142,21.9,27.3,84.0,27.0,
1985-03-01,23.8,13.0,88.0,24.92822580645161,22.4,27.3,83.9,27.1,
1985-04-01,29.3,14.0,110.5,25.28291666666667,22.3,28.0,83.8,27.5,
1985-05-01,36.2,12.0,70.1,25.736962365591395,23.3,28.3,83.4,28.0,
1985-06-01,9.9,14.0,37.0,25.32333333333333,21.6,27.5,79.4,28.2,
1985-07-01,32.2,17.0,131.8,24.738575268817204,21.0,27.0,83.1,27.0,
1985-08-01,21.4,11.0,56.9,25.07983870967742,20.9,27.5,80.4,27.7,
1985-09-01,22.0,18.0,110.7,24.693055555555556,21.2,26.6,83.1,26.9,
1985-10-01,30.2,21.0,169.0,24.6747311827957,21.5,27.4,84.7,26.7,
1985-11-01,38.2,21.0,179.4,24.571805555555557,22.5,26.9,85.0,26.6,
1985-12-01,86.8,22.0,340.1,24.273118279569893,22.5,27.0,86.2,26.1,
1986-01-01,95.6,13.0,308.2,23.615591397849464,21.3,26.1,83.9,25.7,
1986-02-01,23.0,2.0,26.7,23.99955357142857,21.9,27.0,78.4,26.9,
1986-03-01,71.1,17.0,353.4,24.6747311827957,22.6,27.6,86.6,26.4,
1986-04-01,56.4,14.0,150.0,25.42013888888889,22.7,27.4,85.3,27.4,
1986-05-01,51.3,13.0,145.1,25.686155913978496,22.0,27.5,81.8,28.2,
1986-06-01,34.5,13.0,122.9,25.542222222222225,22.0,27.8,82.5,27.9,
1986-07-01,23.5,12.0,109.7,25.11209677419355,21.6,27.4,79.9,27.9,
1986-08-01,28.4,11.0,72.9,25.126478494623655,21.9,27.0,77.3,28.3,
1986-09-01,97.6,22.0,396.0,24.64486111111111,21.3,27.2,84.4,26.7,
1986-10-01,65.6,20.0,227.3,24.90537634408602,22.6,27.4,85.0,26.9,
1986-11-01,40.5,21.0,256.7,24.504583333333333,22.6,26.5,84.1,26.6,
1986-12-01,131.7,16.0,367.2,24.403494623655916,22.1,26.9,85.2,26.3,
1987-01-01,127.4,16.0,568.6,23.70255376344086,21.8,25.7,86.0,25.5,
1987-02-01,34.8,7.0,86.9,23.781994047619047,22.2,26.0,79.0,26.6,
1987-03-01,40.9,12.0,132.5,25.19475806451613,23.0,27.3,83.2,27.5,
1987-04-01,27.7,10.0,72.5,25.573194444444447,23.0,27.5,82.8,27.9,
1987-05-01,81.4,16.0,270.0,25.55766129032258,22.9,27.6,84.6,27.6,
1987-06-01,30.7,15.0,126.6,26.001527777777774,22.0,27.9,80.7,28.7,
1987-07-01,21.6,11.0,80.9,25.540188172043013,21.9,27.2,81.3,28.1,
1987-08-01,48.2,16.0,191.9,25.20483870967742,23.0,27.2,83.6,27.4,
1987-09-01,44.5,11.0,129.9,25.21027777777778,21.2,27.4,82.5,27.6,
1987-10-01,5.9,9.0,22.6,25.403897849462364,23.1,27.6,82.1,27.9,
1987-11-01,77.7,17.0,347.6,25.099861111111114,22.6,27.1,84.0,27.3,
1987-12-01,24.3,11.0,72.8,24.40981182795699,22.4,26.4,84.6,26.4,
1988-01-01,69.0,15.0,237.5,24.706989247311828,22.8,26.7,84.3,26.8,
1988-02-01,46.7,9.0,158.1,24.87528735632184,23.0,27.3,83.2,27.1,
1988-03-01,70.1,15.0,186.8,25.28682795698925,22.5,27.9,85.3,27.3,
1988-04-01,22.8,13.0,109.6,25.7025,23.5,27.9,84.5,27.8,
1988-05-01,76.7,14.0,229.6,26.008467741935483,23.1,28.5,82.7,28.4,
1988-06-01,69.4,13.0,252.2,25.459305555555556,22.2,27.8,81.6,28.0,
1988-07-01,75.6,15.0,305.4,25.204435483870967,20.7,27.4,84.0,27.3,
1988-08-01,19.0,14.0,80.1,25.002150537634407,22.5,27.5,84.9,27.0,
1988-09-01,187.3,14.0,440.4,25.004722222222224,21.9,27.0,84.5,27.1,
1988-10-01,39.8,17.0,134.6,25.170295698924733,22.5,27.4,83.2,27.5,
1988-11-01,111.9,23.0,401.4,24.58527777777778,22.0,26.9,86.8,26.3,
1988-12-01,22.0,11.0,62.9,23.718413978494624,21.7,26.1,81.1,26.2,
1989-01-01,53.0,10.0,189.7,24.39704301075269,21.2,26.5,84.1,26.5,
1989-02-01,48.4,3.0,52.4,23.703869047619047,21.5,26.0,78.3,26.6,
1989-03-01,63.5,21.0,305.9,24.72204301075269,22.5,27.1,87.6,26.3,
1989-04-01,39.0,17.0,198.6,25.190555555555555,22.1,28.0,86.4,27.0,
1989-05-01,38.2,12.0,194.0,25.4755376344086,21.4,28.1,86.6,27.3,
1989-06-01,45.9,12.0,117.6,25.19611111111111,22.3,27.5,83.3,27.5,
1989-07-01,33.3,12.0,157.6,25.386559139784943,22.1,27.5,82.6,27.7,
1989-08-01,81.4,18.0,201.0,24.966397849462364,21.2,27.3,83.7,27.1,
1989-09-01,102.2,14.0,247.3,24.846249999999998,21.4,27.1,84.4,26.9,
1989-10-01,24.9,16.0,111.0,24.87983870967742,21.7,26.8,83.7,27.1,
1989-11-01,148.6,20.0,508.4,24.7975,22.3,27.6,86.0,26.7,
1989-12-01,44.2,18.0,179.7,24.37889784946237,22.3,27.0,85.5,26.3,
1990-01-01,73.9,13.0,147.4,24.04731182795699,21.5,26.5,83.8,26.2,
1990-02-01,6.6,8.0,24.1,24.96175595238095,22.4,27.0,80.9,27.6,
1990-03-01,48.6,4.0,94.2,25.07956989247312,21.4,27.5,77.6,28.2,
1990-04-01,12.0,10.0,52.4,25.885972222222225,23.0,27.9,81.2,28.5,
1990-05-01,153.7,11.0,180.1,25.933064516129033,23.5,28.5,81.1,28.6,
1990-06-01,76.1,9.0,112.6,25.693888888888885,21.6,28.0,80.7,28.3,
1990-07-01,44.5,12.0,124.0,25.131048387096776,22.4,27.4,82.7,27.5,
1990-08-01,38.3,13.0,146.6,25.5747311827957,21.1,27.6,82.3,28.0,
1990-09-01,44.5,17.0,204.5,24.9775,21.3,27.1,83.2,27.2,
1990-10-01,20.2,12.0,56.4,25.24516129032258,22.3,27.3,83.5,27.5,
1990-11-01,46.9,17.0,180.4,24.983611111111113,21.7,27.2,83.5,27.2,
1990-12-01,33.5,16.0,201.1,24.47231182795699,21.8,26.8,86.0,26.3,
1991-01-01,36.2,13.0,123.9,24.58454301075269,21.9,26.4,84.1,26.7,
1991-02-01,17.9,7.0,45.5,24.620386904761908,22.9,26.9,81.6,27.1,
1991-03-01,48.6,10.0,92.4,25.046370967741936,22.3,27.2,79.9,27.8,
1991-04-01,32.2,13.0,134.2,25.61513888888889,23.1,27.7,84.3,27.7,
1991-05-01,44.0,23.0,256.4,25.91021505376344,23.0,28.0,86.6,27.7,
1991-06-01,55.6,9.0,88.7,25.97041666666667,23.0,28.1,81.0,28.6,
1991-07-01,10.7,8.0,37.3,25.533736559139783,22.3,27.5,78.7,28.5,
1991-08-01,129.9,8.0,226.2,25.4,22.5,27.5,79.8,28.2,
1991-09-01,53.6,12.0,123.1,25.269305555555558,23.0,27.2,83.0,27.5,
1991-10-01,20.4,5.0,52.0,24.985483870967744,22.5,27.4,81.4,27.5,
1991-11-01,75.2,19.0,205.0,24.49291666666667,22.1,26.6,86.5,26.3,
1991-12-01,79.4,19.0,492.3,24.43938172043011,22.4,26.7,90.7,25.6,
1992-01-01,56.2,9.0,83.9,24.29274193548387,22.1,26.6,82.4,26.6,
1992-02-01,43.2,4.0,62.4,24.784913793103446,21.7,26.7,80.5,27.5,
1992-03-01,35.1,6.0,67.6,25.50577956989247,23.1,27.6,80.6,28.2,
1992-04-01,94.7,13.0,160.3,25.965,23.0,28.0,82.4,28.4,
1992-05-01,13.7,13.0,63.1,25.8505376344086,23.3,27.9,83.3,28.1,
1992-06-01,38.4,14.0,162.8,25.671666666666663,21.5,28.0,82.7,28.0,
1992-07-01,97.3,19.0,290.8,25.1630376344086,22.2,27.2,83.8,27.3,
1992-08-01,31.0,11.0,76.1,25.18978494623656,22.1,27.2,81.1,27.8,
1992-09-01,17.5,13.0,83.6,25.035694444444445,22.2,27.2,82.9,27.3,
1992-10-01,45.5,20.0,233.2,24.988306451612903,22.2,27.2,82.0,27.4,
1992-11-01,120.6,18.0,474.3,24.479999999999997,22.4,26.8,87.7,26.1,
1992-12-01,105.7,23.0,502.7,24.283467741935485,22.1,26.5,90.3,25.5,
1993-01-01,37.2,11.0,176.4,24.335752688172043,21.7,27.1,85.7,26.2,
1993-02-01,27.0,8.0,69.2,24.083035714285714,22.2,26.2,80.5,26.7,
1993-03-01,56.9,14.0,250.5,24.861021505376343,22.1,27.5,86.3,26.7,
1993-04-01,56.7,20.0,283.9,25.485416666666666,21.5,28.0,84.5,27.6,
1993-05-01,37.2,10.0,129.9,25.850403225806453,22.8,27.8,82.9,28.2,
1993-06-01,29.4,17.0,115.5,25.831666666666667,22.5,28.2,80.9,28.5,
1993-07-01,46.4,15.0,240.0,25.60470430107527,22.7,27.7,83.2,27.9,
1993-08-01,53.5,11.0,106.8,25.729032258064517,21.7,28.0,79.4,28.6,
1993-09-01,42.0,7.0,61.7,25.335,22.1,27.9,81.4,27.9,
1993-10-01,62.7,13.0,175.5,25.36599462365591,22.9,27.5,84.3,27.5,
1993-11-01,61.3,18.0,250.8,25.185555555555553,23.0,27.3,87.4,26.9,
1993-12-01,67.6,19.0,308.5,24.86532258064516,22.7,27.7,87.4,26.5,
1994-01-01,17.5,7.0,56.9,24.526344086021503,22.3,26.7,82.1,26.9,
1994-02-01,26.3,15.0,133.5,24.952976190476193,22.5,27.4,84.5,27.0,
1994-03-01,64.2,19.0,288.2,25.100403225806453,22.8,27.3,87.1,26.8,
1994-04-01,46.3,15.0,154.0,25.803333333333335,23.3,28.3,84.8,27.9,
1994-05-01,45.1,16.0,169.6,26.023655913978494,22.8,28.2,84.8,28.1,
1994-06-01,61.1,14.0,184.7,25.833194444444448,22.2,28.2,83.5,28.1,
1994-07-01,17.0,6.0,53.8,25.547580645161293,20.1,27.4,78.9,28.4,
1994-08-01,15.5,12.0,45.1,25.402419354838713,22.6,27.5,80.0,28.1,
1994-09-01,11.3,6.0,23.7,25.410833333333333,22.7,27.5,78.7,28.3,
1994-10-01,35.4,11.0,84.7,25.294758064516127,22.8,26.9,81.5,27.9,
1994-11-01,178.3,21.0,322.2,25.15263888888889,22.8,27.9,88.4,26.7,
1994-12-01,133.8,18.0,425.4,24.94327956989247,22.5,27.2,85.5,26.9,
1995-01-01,108.3,21.0,349.4,24.95779569892473,21.2,27.0,86.2,26.8,
1995-02-01,159.3,16.0,334.0,24.79925595238095,22.5,26.9,87.5,26.5,
1995-03-01,31.1,10.0,67.7,25.396102150537637,23.5,28.0,83.9,27.6,
1995-04-01,73.6,16.0,242.3,25.946805555555557,23.8,28.1,85.3,27.9,
1995-05-01,32.8,11.0,84.4,26.279301075268815,23.3,28.5,83.7,28.5,
1995-06-01,45.0,12.0,63.7,26.335694444444446,23.0,28.4,81.9,28.9,
1995-07-01,52.3,13.0,173.6,25.65215053763441,22.6,27.7,82.6,28.0,
1995-08-01,37.9,21.0,211.6,25.47271505376344,22.5,27.4,85.6,27.4,
1995-09-01,5.7,7.0,29.5,25.764305555555556,22.4,28.1,81.6,28.3,
1995-10-01,37.1,12.0,101.1,25.463575268817205,22.5,27.8,82.8,27.8,
1995-11-01,198.6,20.0,372.8,25.218611111111112,22.7,27.6,86.8,27.0,
1995-12-01,55.6,20.0,302.5,24.549059139784948,22.4,27.0,86.6,26.3,
1996-01-01,39.0,10.0,173.2,24.08521505376344,20.9,27.0,84.2,26.2,
1996-02-01,53.0,11.0,180.2,24.44942528735632,22.1,26.7,84.6,26.5,
1996-03-01,61.8,8.0,129.7,25.12889784946237,22.1,27.5,81.0,27.8,
1996-04-01,55.7,15.0,178.2,25.83888888888889,23.2,28.4,85.5,27.8,
1996-05-01,18.6,15.0,107.5,26.278494623655916,23.0,28.4,83.7,28.5,
1996-06-01,94.3,15.0,265.8,26.14916666666667,23.0,28.2,84.3,28.3,
1996-07-01,55.3,10.0,162.3,25.853763440860217,22.2,27.9,81.9,28.3,
1996-08-01,64.6,18.0,258.4,25.179032258064517,22.5,27.5,83.4,27.4,
1996-09-01,66.5,18.0,297.0,25.317222222222224,22.1,28.0,82.2,27.7,
1996-10-01,45.8,19.0,300.0,25.179973118279573,22.1,27.2,83.0,27.5,
1996-11-01,60.5,16.0,180.2,25.067777777777778,22.7,27.5,83.5,27.3,
1996-12-01,72.4,15.0,185.5,24.34032258064516,22.0,27.2,82.9,26.6,
1997-01-01,13.9,3.0,15.4,23.996774193548386,22.5,26.4,77.3,27.1,
1997-02-01,35.7,8.0,105.4,24.758482142857144,21.3,26.8,80.8,27.4,
1997-03-01,17.4,10.0,34.3,25.227688172043013,23.1,27.2,79.6,28.1,
1997-04-01,44.6,12.0,118.4,25.68263888888889,22.5,27.9,82.7,28.1,
1997-05-01,35.6,6.0,41.6,26.157526881720432,22.7,28.0,77.7,29.3,
1997-06-01,25.0,12.0,78.9,25.96847222222222,23.3,27.9,76.7,29.3,
1997-07-01,5.4,9.0,18.6,25.524327956989247,22.1,27.4,76.5,28.8,
1997-08-01,61.4,9.0,86.6,25.7252688172043,22.4,27.6,78.2,28.8,
1997-09-01,24.3,3.0,31.1,25.580277777777777,22.7,27.1,77.0,28.8,
1997-10-01,36.5,8.0,78.4,25.561693548387098,22.0,27.4,81.0,28.2,
1997-11-01,53.6,13.0,158.3,25.43972222222222,23.0,27.4,82.8,27.8,
1997-12-01,65.8,23.0,351.9,25.358467741935485,22.8,27.7,85.3,27.3,
1998-01-01,79.7,13.0,268.8,25.736424731182797,23.9,28.0,83.2,28.0,
1998-02-01,11.9,5.0,32.5,25.87827380952381,23.6,28.2,78.3,28.9,
1998-03-01,20.9,7.0,58.8,26.263440860215052,24.4,28.4,77.8,29.5,
1998-04-01,64.9,13.0,187.7,26.697222222222223,24.1,28.8,81.8,29.2,
1998-05-01,83.7,18.0,370.8,26.913978494623656,24.5,29.3,82.3,29.4,
1998-06-01,42.8,15.0,198.8,26.106944444444444,22.7,28.6,82.1,28.6,
1998-07-01,55.8,18.0,259.2,25.640860215053763,22.5,28.2,81.8,28.1,
1998-08-01,35.5,18.0,195.0,25.504435483870967,23.1,27.4,85.4,27.5,
1998-09-01,52.0,17.0,258.2,25.755277777777778,22.8,28.0,84.1,27.9,
1998-10-01,32.4,20.0,222.7,25.591397849462364,21.6,28.0,82.3,28.0,
1998-11-01,57.5,11.0,107.2,25.448749999999997,23.1,27.8,81.9,27.9,
1998-12-01,84.4,22.0,463.4,25.08508064516129,22.7,27.7,88.5,26.6,
1999-01-01,52.5,19.0,193.9,25.05483870967742,22.4,27.4,88.3,26.6,
1999-02-01,32.1,9.0,67.4,24.86636904761905,22.1,27.4,82.4,27.2,
1999-03-01,52.4,16.0,181.4,25.45228494623656,22.1,28.0,87.5,27.1,
1999-04-01,29.2,14.0,88.5,25.886805555555554,22.9,28.3,82.6,28.3,
1999-05-01,42.8,13.0,157.1,25.910618279569892,23.2,28.0,84.4,28.0,
1999-06-01,34.5,13.0,103.4,25.735972222222223,22.0,27.9,81.9,28.2,
1999-07-01,51.4,11.0,225.4,25.40255376344086,21.4,27.5,82.7,27.8,
1999-08-01,42.4,13.0,204.0,25.37244623655914,22.0,27.2,84.1,27.5,
1999-09-01,41.5,13.0,125.9,25.40402777777778,22.0,27.5,81.7,27.9,
1999-10-01,32.8,20.0,205.0,25.106182795698924,22.5,27.5,84.6,27.2,
1999-11-01,39.0,19.0,241.5,25.14402777777778,22.7,27.2,84.4,27.3,
1999-12-01,76.9,17.0,340.5,24.823924731182796,22.5,27.4,85.3,26.8,
2000-01-01,127.6,14.0,275.2,24.6377688172043,22.3,26.6,86.9,26.3,
2000-02-01,39.9,18.0,237.8,24.785344827586204,22.0,27.7,86.5,26.6,
2000-03-01,37.9,15.0,238.3,25.315188172043012,21.2,27.6,85.8,27.2,
2000-04-01,87.4,20.0,311.6,25.554305555555555,22.5,28.2,85.6,27.5,
2000-05-01,36.7,10.0,96.8,26.170698924731184,22.3,28.4,82.4,28.6,
2000-06-01,41.7,16.0,157.5,25.51236111111111,21.6,27.8,84.3,27.6,
2000-07-01,34.6,12.0,116.1,25.746370967741935,22.6,27.6,82.6,28.1,
2000-08-01,28.1,18.0,113.5,25.354569892473116,22.3,27.4,83.8,27.5,
2000-09-01,25.7,12.0,81.1,25.6075,23.5,28.0,82.2,28.0,
2000-10-01,38.3,14.0,120.9,25.331989247311828,23.0,28.0,82.1,27.8,
2000-11-01,72.0,21.0,385.7,25.583194444444448,22.7,28.0,87.1,27.3,
2000-12-01,45.8,18.0,236.0,25.335887096774197,23.1,28.2,87.6,27.0,
2001-01-01,125.4,21.0,425.8,24.856854838709676,22.2,27.5,87.4,26.5,
2001-02-01,28.2,11.0,86.6,24.788095238095234,21.5,27.1,83.6,27.0,
2001-03-01,41.1,20.0,297.3,25.350806451612904,22.5,28.0,84.5,27.5,
2001-04-01,68.9,18.0,203.3,25.86472222222222,23.0,28.2,86.0,27.7,
2001-05-01,56.1,12.0,164.9,26.47056451612903,22.5,28.4,85.0,28.5,
2001-06-01,49.6,11.0,137.1,25.77097222222222,22.0,28.1,82.5,28.2,
2001-07-01,44.8,9.0,111.3,25.7880376344086,23.0,27.8,80.8,28.4,
2001-08-01,36.6,14.0,158.3,25.804973118279573,22.8,28.6,83.7,28.0,
2001-09-01,74.3,13.0,162.0,25.575833333333332,22.4,27.5,82.3,28.0,
2001-10-01,77.2,20.0,252.2,25.423387096774192,22.2,27.5,83.7,27.6,
2001-11-01,102.6,15.0,175.3,25.157083333333333,23.2,27.5,84.9,27.2,
2001-12-01,211.1,20.0,609.0,24.94233870967742,22.1,27.4,86.8,26.7,
2002-01-01,83.8,11.0,221.2,24.83279569892473,22.6,26.7,83.6,27.0,
2002-02-01,41.7,2.0,50.8,24.705357142857142,22.3,27.1,80.9,27.3,
2002-03-01,26.4,8.0,55.6,25.528494623655916,23.1,28.2,80.8,28.2,
2002-04-01,39.4,13.0,116.5,26.13722222222222,23.1,28.2,82.3,28.6,
2002-05-01,75.9,13.0,236.6,26.417473118279567,23.3,28.9,82.3,28.9,
2002-06-01,45.8,12.0,83.1,26.222638888888888,23.4,28.0,82.1,28.7,
2002-07-01,69.5,11.0,233.7,26.05510752688172,23.4,28.1,82.7,28.4,
2002-08-01,17.8,14.0,54.2,25.624193548387098,22.5,28.0,79.2,28.5,
2002-09-01,38.9,9.0,124.2,25.545555555555556,22.2,27.5,81.7,28.1,
2002-10-01,3.2,7.0,10.8,25.838306451612905,24.0,27.6,79.8,28.7,
2002-11-01,84.0,15.0,307.2,25.49833333333333,22.4,27.8,85.8,27.4,
2002-12-01,38.6,24.0,255.0,25.680779569892472,22.2,28.0,88.7,27.2,
2003-01-01,194.4,20.0,444.2,24.92970430107527,23.0,27.3,86.9,26.7,
2003-02-01,82.2,13.0,172.9,25.087648809523813,22.8,27.1,85.0,27.1,
2003-03-01,38.3,11.0,154.6,25.84704301075269,23.0,28.0,83.8,28.1,
2003-04-01,42.9,20.0,159.9,26.094305555555557,23.8,28.4,86.7,27.9,
2003-05-01,33.0,11.0,81.8,26.612903225806452,23.0,28.9,81.7,29.2,
2003-06-01,23.2,12.0,50.3,25.94916666666667,22.5,28.0,78.5,28.9,
2003-07-01,30.9,14.0,170.4,25.634543010752687,22.1,28.1,81.7,28.1,
2003-08-01,64.4,13.0,193.6,25.924865591397847,23.4,28.3,83.1,28.2,
2003-09-01,60.0,15.0,205.3,25.566666666666666,21.6,27.8,84.8,27.6,
2003-10-01,56.6,21.0,351.4,25.548521505376343,22.7,27.9,84.9,27.6,
2003-11-01,41.3,19.0,133.8,25.443055555555556,22.5,28.1,87.3,27.1,
2003-12-01,92.1,17.0,273.0,24.87150537634409,22.5,27.1,87.2,26.5,
2004-01-01,177.8,13.0,600.9,25.08225806451613,22.5,27.3,86.7,26.9,
2004-02-01,19.2,4.0,31.9,24.958189655172415,22.9,27.5,80.5,27.6,
2004-03-01,122.8,16.0,269.4,25.739919354838708,22.5,28.0,85.8,27.7,
2004-04-01,18.1,9.0,57.1,26.369027777777777,24.2,28.5,82.3,28.9,
2004-05-01,73.4,13.0,137.6,26.447580645161292,23.4,28.6,82.1,28.9,
2004-06-01,68.1,8.0,127.2,26.183611111111112,23.0,28.3,79.8,29.0,
2004-07-01,34.3,20.0,166.6,25.38817204301075,21.8,27.3,85.3,27.3,
2004-08-01,111.5,8.0,185.2,25.537365591397847,22.7,27.9,80.3,28.3,
2004-09-01,29.1,14.0,128.9,25.570277777777775,23.1,27.5,83.6,27.8,
2004-10-01,25.3,13.0,125.6,25.57338709677419,22.5,27.8,83.9,27.8,
2004-11-01,62.4,15.0,166.2,25.41375,22.6,27.7,86.1,27.3,
2004-12-01,36.4,14.0,139.8,24.87244623655914,23.0,27.2,85.2,26.8,
2005-01-01,96.7,8.0,163.2,24.395967741935483,22.1,26.5,83.3,26.6,
2005-02-01,7.2,3.0,8.4,25.330357142857142,23.0,28.0,77.7,28.5,
2005-03-01,20.5,12.0,82.4,25.70577956989247,23.0,27.9,80.3,28.5,
2005-04-01,49.6,10.0,81.7,26.036805555555556,23.1,28.0,81.0,28.7,
2005-05-01,58.7,20.0,331.1,26.366532258064517,22.9,28.5,84.6,28.5,
2005-06-01,27.6,15.0,82.3,26.405694444444443,23.4,28.4,82.7,28.8,
2005-07-01,26.3,15.0,104.0,25.849865591397847,23.1,28.0,84.0,28.0,
2005-08-01,13.8,13.0,58.5,25.900134408602153,22.4,27.8,82.9,28.2,
2005-09-01,43.4,18.0,175.7,25.996111111111112,22.0,28.4,84.2,28.2,
2005-10-01,76.2,19.0,314.5,25.58185483870968,23.1,28.3,85.2,27.6,
2005-11-01,133.8,23.0,362.9,25.43236111111111,22.5,27.6,86.4,27.3,
2005-12-01,47.3,19.0,166.0,25.326478494623657,22.5,27.6,85.6,27.3,
2006-01-01,131.7,20.0,454.4,24.865591397849464,22.5,27.4,87.8,26.5,
2006-02-01,44.5,8.0,115.5,25.37842261904762,23.0,27.6,84.0,27.5,
2006-03-01,35.7,9.0,83.1,25.692204301075268,23.4,28.1,81.3,28.3,
2006-04-01,43.3,18.0,239.8,25.854444444444447,23.6,28.3,87.0,27.6,
2006-05-01,36.6,14.0,205.7,26.103629032258063,22.8,29.0,85.2,28.1,
2006-06-01,37.3,16.0,236.8,25.99152777777778,23.4,27.9,86.3,27.8,
2006-07-01,54.8,15.0,153.8,26.21155913978495,23.0,28.5,83.8,28.4,
2006-08-01,30.4,14.0,127.3,25.854569892473116,22.5,28.2,81.9,28.3,
2006-09-01,32.2,12.0,83.3,25.40486111111111,23.0,27.5,81.0,28.0,
2006-10-01,37.8,8.0,102.0,25.69327956989247,23.1,27.9,80.9,28.3,
2006-11-01,64.0,18.0,185.6,25.550416666666667,23.7,28.2,87.4,27.3,
2006-12-01,198.0,22.0,765.9,25.12217741935484,22.3,27.9,88.5,26.6,
2007-01-01,143.8,20.0,450.1,24.72083333333333,21.3,27.8,86.8,26.5,
2007-02-01,51.4,3.0,105.5,24.870535714285715,21.9,27.1,82.5,27.3,
2007-03-01,68.8,21.0,269.1,25.42043010752688,22.7,28.0,84.9,27.5,
2007-04-01,102.4,14.0,240.2,26.00986111111111,22.5,28.5,84.7,28.1,
2007-05-01,21.9,16.0,127.2,26.221236559139783,22.9,28.5,84.8,28.3,
2007-06-01,38.0,12.0,139.0,26.059583333333336,22.0,28.3,82.8,28.4,
2007-07-01,23.0,19.0,141.7,25.697580645161292,22.5,28.0,84.8,27.7,
2007-08-01,55.9,20.0,190.7,25.4252688172043,22.9,27.3,82.9,27.7,
2007-09-01,52.1,13.0,149.0,25.593194444444443,22.9,27.5,83.3,27.8,
2007-10-01,51.8,16.0,237.2,25.488575268817204,22.5,28.0,83.2,27.8,
2007-11-01,60.1,21.0,367.9,25.105833333333333,22.2,27.9,86.5,26.9,
2007-12-01,159.0,20.0,468.6,24.704301075268816,21.9,27.2,86.8,26.4,
2008-01-01,123.1,19.0,262.6,24.903360215053763,23.0,27.3,86.0,26.8,
2008-02-01,48.5,8.0,129.2,24.427298850574715,22.3,27.6,82.9,26.7,
2008-03-01,48.1,16.0,294.1,24.830510752688173,22.0,27.3,87.1,26.5,
2008-04-01,34.2,13.0,87.2,25.641805555555553,22.7,27.5,82.0,28.1,
2008-05-01,42.3,11.0,124.9,25.849596774193547,22.1,28.0,79.1,28.8,
2008-06-01,45.2,12.0,118.3,25.66333333333333,22.0,27.6,81.5,28.2,
2008-07-01,23.5,15.0,89.1,25.311155913978496,22.1,27.2,81.3,27.8,
2008-08-01,133.9,18.0,327.3,25.284408602150535,22.0,27.2,83.8,27.4,
2008-09-01,43.5,18.0,164.4,25.344722222222224,22.1,27.5,82.7,27.7,
2008-10-01,41.6,19.0,159.5,25.546505376344083,22.6,27.4,84.9,27.6,
2008-11-01,63.3,16.0,324.3,25.379583333333333,22.6,28.0,85.9,27.3,
2008-12-01,52.0,17.0,244.2,24.690591397849463,21.6,27.2,83.7,26.9,
2009-01-01,36.0,5.0,38.3,23.982795698924733,21.9,26.6,79.1,26.8,
2009-02-01,74.2,8.0,201.8,24.64627976190476,22.5,27.1,80.7,27.3,
2009-03-01,56.3,19.0,223.3,25.2,22.3,27.9,85.4,27.2,
2009-04-01,86.6,12.0,183.7,26.000694444444445,23.1,28.0,82.2,28.5,
2009-05-01,41.3,17.0,198.6,26.366666666666667,21.7,28.6,83.0,28.7,
2009-06-01,5.8,8.0,21.8,26.281666666666666,23.3,28.4,79.8,29.1,
2009-07-01,24.4,16.0,161.0,25.6002688172043,22.2,27.5,80.8,28.3,
2009-08-01,35.5,12.0,177.8,25.64354838709677,22.2,28.1,80.7,28.3,
2009-09-01,63.0,13.0,109.6,25.86611111111111,23.2,28.0,82.0,28.3,
2009-10-01,38.4,15.0,133.4,25.861424731182797,22.7,27.6,82.8,28.2,
2009-11-01,61.4,23.0,281.8,25.274583333333336,23.5,28.1,85.6,27.2,
2009-12-01,42.6,18.0,189.8,25.261693548387097,23.4,27.7,86.3,27.1,
2010-01-01,24.5,10.0,69.5,25.016397849462365,22.4,27.3,82.1,27.5,
2010-02-01,2.9,4.0,6.3,25.641964285714288,23.3,27.8,77.3,28.9,
2010-03-01,57.6,11.0,238.0,25.731989247311827,23.1,28.4,79.9,28.6,
2010-04-01,40.0,18.0,158.5,26.349444444444444,23.1,28.4,84.1,28.6,
2010-05-01,90.5,17.0,157.5,26.713575268817205,23.2,28.8,82.2,29.2,
2010-06-01,43.0,19.0,240.5,26.11875,22.6,28.1,83.9,28.3,
2010-07-01,121.1,18.0,298.5,25.6497311827957,22.8,27.8,84.8,27.7,
2010-08-01,60.2,16.0,158.4,25.741263440860216,22.5,28.1,84.2,27.9,
2010-09-01,28.0,13.0,121.5,25.610833333333332,22.7,27.5,82.5,28.0,
2010-10-01,58.1,17.0,166.2,25.80282258064516,23.0,27.7,82.3,28.3,
2010-11-01,41.6,21.0,278.8,25.448611111111113,22.9,27.6,85.9,27.4,
2010-12-01,85.8,14.0,181.4,24.836290322580645,22.5,27.4,85.3,26.8,
2011-01-01,216.2,17.0,513.2,24.433467741935484,22.4,27.0,85.8,26.3,
2011-02-01,17.4,8.0,23.0,24.69151785714286,22.8,26.8,81.1,27.3,
2011-03-01,54.0,22.0,256.6,25.072311827956987,22.6,27.5,85.5,27.1,
2011-04-01,61.8,12.0,217.8,25.689999999999998,21.9,27.8,83.9,27.9,
2011-05-01,34.2,15.0,127.0,26.479166666666668,22.6,28.8,85.3,28.5,
2011-06-01,82.0,15.0,213.0,26.13875,23.0,28.4,83.7,28.4,
2011-07-01,30.0,7.0,76.6,26.110483870967744,22.9,28.0,81.3,28.7,
2011-08-01,30.2,13.0,81.4,25.56048387096774,23.1,27.4,82.6,27.9,
2011-09-01,40.4,14.0,136.4,25.50986111111111,22.0,27.3,82.7,27.8,
2011-10-01,54.0,20.0,216.8,25.508198924731182,22.7,27.6,87.4,27.3,
2011-11-01,78.6,24.0,377.8,25.45347222222222,23.2,27.5,87.8,27.1,
2011-12-01,87.4,21.0,284.6,25.062634408602147,22.6,27.3,88.4,26.6,
2012-01-01,26.2,16.0,106.1,25.007930107526885,21.6,27.3,87.3,26.7,
2012-02-01,38.4,11.0,83.6,25.257183908045977,22.7,27.0,85.6,27.2,
2012-03-01,92.3,21.0,313.4,25.314247311827955,21.4,27.9,87.3,27.0,
2012-04-01,48.4,20.0,260.6,25.57111111111111,22.3,27.7,85.1,27.6,
2012-05-01,79.2,19.0,292.0,25.842473118279568,22.1,28.0,83.1,28.2,
2012-06-01,38.2,8.0,53.0,25.799305555555556,22.7,27.7,79.0,28.7,
2012-07-01,35.4,17.0,130.8,25.18494623655914,22.7,26.5,81.1,27.7,
2012-08-01,31.0,12.0,119.0,25.202016129032256,22.2,26.8,79.8,27.9,
2012-09-01,35.8,10.0,107.6,25.150555555555556,22.5,26.9,79.7,27.9,
2012-10-01,22.6,13.0,122.2,25.155779569892474,22.4,27.4,81.3,27.7,
2012-11-01,49.2,22.0,208.2,25.138472222222223,23.1,27.5,85.4,27.1,
2012-12-01,78.8,22.0,363.4,24.978494623655912,22.3,27.0,87.0,26.7,
2013-01-01,73.0,15.0,262.0,24.62849462365591,22.3,26.7,82.1,27.1,
2013-02-01,95.2,22.0,395.2,24.79285714285714,21.8,27.1,86.9,26.5,
2013-03-01,29.6,10.0,85.8,25.5497311827957,23.9,28.0,80.4,28.3,
2013-04-01,41.6,19.0,159.4,25.81625,22.0,27.8,82.7,28.2,
2013-05-01,46.2,17.0,211.4,25.848387096774193,22.9,28.0,83.1,28.2,
2013-06-01,22.4,12.0,111.4,25.30388888888889,22.0,28.1,74.6,29.0,
2013-07-01,37.4,15.0,174.6,25.04193548387097,22.7,27.3,79.9,27.8,
2013-08-01,43.2,15.0,165.6,25.04422043010753,21.5,26.9,79.0,27.9,
2013-09-01,52.6,19.0,257.0,25.012916666666666,21.3,26.9,81.3,27.5,
2013-10-01,139.8,19.0,285.4,24.95766129032258,21.8,26.9,79.9,27.7,
2013-11-01,44.0,22.0,292.4,25.066666666666666,22.6,27.0,84.6,27.1,
2013-12-01,119.8,21.0,348.2,24.609139784946237,21.0,27.0,85.8,26.5,
2014-01-01,31.2,5.0,75.4,23.391129032258064,21.1,26.2,78.5,26.2,1653.0
2014-02-01,0.2,1.0,0.2,23.708333333333332,21.1,25.9,74.5,27.2,1071.0
2014-03-01,52.6,6.0,66.0,24.54462365591398,22.1,27.0,76.0,27.9,1057.0
2014-04-01,28.8,17.0,110.0,25.461805555555557,22.4,27.0,80.0,28.2,1002.0
2014-05-01,22.2,18.0,125.8,25.811424731182797,22.6,27.7,80.2,28.6,1231.0
2014-06-01,18.8,11.0,71.4,25.880972222222223,22.9,27.8,77.5,29.0,2643.0
2014-07-01,29.0,15.0,148.6,25.704704301075267,22.1,27.1,78.3,28.7,3090.0
2014-08-01,44.2,20.0,241.0,24.933198924731183,21.7,26.6,79.7,27.7,1885.0
2014-09-01,34.6,9.0,83.6,25.079583333333332,21.4,26.9,75.6,28.5,1810.0
2014-10-01,32.8,10.0,120.0,25.170295698924733,22.1,26.9,77.0,28.4,1127.0
2014-11-01,64.4,23.0,250.8,25.094722222222224,22.3,27.0,82.4,27.5,662.0
2014-12-01,48.2,17.0,245.6,24.71545698924731,22.4,26.7,82.6,27.0,937.0
2015-01-01,33.6,6.0,79.6,23.8377688172043,22.2,26.1,77.6,26.9,1140.0
2015-02-01,10.8,6.0,18.8,23.633035714285715,21.5,25.8,75.4,27.0,656.0
2015-03-01,46.0,5.0,84.4,24.765860215053763,22.3,26.7,75.8,28.2,612.0
2015-04-01,18.8,13.0,73.2,25.373055555555553,22.8,27.4,77.1,28.6,476.0
2015-05-01,22.2,12.0,89.0,25.795564516129033,23.1,27.3,78.9,28.7,582.0
2015-06-01,28.4,10.0,95.8,25.58625,22.4,27.0,75.8,29.0,1034.0
2015-07-01,45.8,13.0,116.8,25.54422043010753,21.9,27.2,74.9,29.1,1078.0
2015-08-01,63.2,11.0,185.8,25.17755376344086,21.1,27.0,76.7,28.4,1168.0
2015-09-01,18.4,8.0,61.6,25.183611111111112,21.7,26.9,75.0,28.7,991.0
2015-10-01,28.6,9.0,87.2,25.2127688172043,22.0,27.2,75.4,28.7,941.0
2015-11-01,25.8,13.0,72.6,25.090416666666666,22.9,26.7,79.1,28.0,1260.0
2015-12-01,40.4,19.0,302.3,25.13037634408602,21.9,27.5,81.1,27.7,1514.0
2016-01-01,39.6,15.0,126.6,25.472580645161287,22.9,27.2,79.6,28.3,2426.0
2016-02-01,71.8,10.0,186.0,24.938505747126438,21.7,27.0,78.8,27.8,2456.0
2016-03-01,2.4,6.0,6.2,25.40456989247312,23.3,27.1,74.7,29.0,1448.0
2016-04-01,18.2,14.0,89.8,25.945277777777775,23.6,27.5,75.6,29.4,982.0
2016-05-01,54.8,12.0,193.8,26.075806451612905,23.5,27.7,77.4,29.3,1017.0
2016-06-01,67.8,13.0,162.8,25.419166666666666,22.5,27.4,77.7,28.5,798.0
2016-07-01,59.4,20.0,168.6,25.259543010752687,21.6,27.3,77.3,28.4,955.0
2016-08-01,30.6,15.0,139.2,25.236155913978497,21.5,26.9,74.0,28.9,1205.0
2016-09-01,34.0,15.0,118.9,24.610138888888887,21.8,26.5,73.9,28.3,720.0
2016-10-01,75.4,16.0,181.0,24.35282258064516,21.0,27.0,72.0,28.3,490.0
2016-11-01,65.6,20.0,290.2,24.353194444444444,21.5,26.8,77.6,27.4,314.0
2016-12-01,73.0,23.0,292.6,23.570833333333333,21.0,26.6,72.8,27.4,274.0
2017-01-01,60.6,21.0,197.6,24.893010752688173,21.8,27.3,84.8,26.9,360.0
2017-02-01,31.0,15.0,158.4,24.679464285714282,22.8,26.7,83.2,26.9,225.0
2017-03-01,30.2,11.0,136.2,24.988440860215057,22.8,27.3,82.5,27.4,149.0
2017-04-01,42.8,21.0,208.6,25.54638888888889,22.9,27.9,83.5,27.8,157.0
2017-05-01,44.8,15.0,190.0,26.114650537634407,23.0,27.8,82.8,28.5,254.0
2017-06-01,29.6,10.0,106.0,25.75847222222222,22.6,27.6,80.2,28.5,289.0
2017-07-01,30.2,9.0,79.6,25.50577956989247,22.6,27.1,79.6,28.3,293.0
2017-08-01,29.4,18.0,84.2,25.39059139784946,22.8,27.1,79.9,28.1,193.0
2017-09-01,20.2,19.0,124.4,25.380555555555556,22.1,27.3,81.0,28.0,191.0
2017-10-01,31.2,18.0,120.8,25.47970430107527,22.7,27.4,82.5,27.9,309.0
2017-11-01,45.2,24.0,268.6,25.229999999999997,22.9,27.6,86.3,27.1,156.0
2017-12-01,69.8,23.0,371.2,25.010080645161292,23.1,27.5,85.2,27.0,191.0
2018-01-01,45.8,25.0,287.0,24.34543010752688,20.9,26.8,86.6,26.1,250.0
2018-02-01,13.0,5.0,14.8,24.058630952380952,21.6,26.6,77.2,27.2,165.0
2018-03-01,15.2,10.0,44.6,24.96532258064516,22.6,26.9,78.4,28.0,163.0
2018-04-01,14.0,14.0,61.2,25.470000000000002,22.7,27.4,78.5,28.5,212.0
2018-05-01,47.4,19.0,132.2,25.72244623655914,23.4,27.2,79.0,28.7,268.0
2018-06-01,46.8,17.0,182.6,25.57097222222222,22.3,27.6,79.3,28.4,245.0
2018-07-01,32.4,10.0,143.2,25.403091397849465,21.5,26.9,77.7,28.5,275.0
2018-08-01,34.6,11.0,121.6,25.324596774193548,21.5,27.2,77.0,28.5,221.0
2018-09-01,45.0,13.0,144.4,24.81625,21.7,27.1,77.1,28.0,263.0
2018-10-01,60.6,18.0,234.4,25.083870967741937,22.0,27.1,79.7,27.9,282.0
2018-11-01,20.6,27.0,169.6,25.04638888888889,22.4,27.0,83.2,27.3,320.0
2018-12-01,43.8,19.0,172.6,25.06532258064516,22.6,26.8,81.5,27.6,619.0
2019-01-01,38.2,9.0,63.6,24.605376344086025,22.8,26.8,75.6,28.0,
2019-02-01,13.4,5.0,31.6,24.58169642857143,21.8,26.3,74.1,28.2,
2019-03-01,29.0,6.0,72.2,24.7375,21.3,27.1,72.3,28.7,
2019-04-01,52.4,9.0,174.8,25.502777777777776,22.6,27.8,77.6,28.6,
2019-05-01,17.2,13.0,69.0,26.34193548387097,23.0,28.8,79.2,29.3,
2019-06-01,37.6,16.0,173.8,25.61277777777778,23.0,27.4,79.5,28.4,
2019-07-01,6.6,8.0,12.2,25.546505376344083,23.2,27.5,75.2,29.0,
2019-08-01,3.8,6.0,11.8,25.14758064516129,22.5,27.1,72.1,29.1,
2019-09-01,16.4,4.0,22.8,25.17666666666667,23.2,26.7,73.0,29.0,
2019-10-01,92.2,15.0,176.8,25.08306451612903,21.7,26.8,78.1,28.1,
2019-11-01,73.4,15.0,137.4,25.128194444444443,22.7,27.3,79.2,28.0,
2019-12-01,74.2,14.0,421.5,24.581317204301076,22.3,27.6,83.9,26.7,
2020-01-01,38.0,6.0,88.4,24.690725806451614,22.9,26.5,77.9,27.7,
2020-02-01,23.8,8.0,65.0,24.543390804597703,22.6,26.7,76.0,27.9,
2020-03-01,47.4,8.0,108.8,25.122580645161293,23.4,27.3,75.2,28.6,
2020-04-01,51.8,12.0,188.0,25.509722222222223,23.1,27.3,76.4,28.9,
2020-05-01,53.8,16.0,255.6,26.02405913978495,23.1,27.7,79.1,28.9,
2020-06-01,41.0,21.0,233.8,25.440416666666664,23.0,27.1,80.2,28.1,
2020-07-01,30.4,22.0,140.8,25.021639784946235,22.9,26.9,78.2,27.9,
2020-08-01,34.6,12.0,103.4,25.113844086021505,21.7,27.3,76.8,28.3,
2020-09-01,32.8,18.0,150.2,24.719305555555557,21.0,26.6,79.0,27.5,
2020-10-01,19.0,16.0,78.8,24.916263440860217,21.5,26.9,75.4,28.3,
2020-11-01,64.2,19.0,220.6,24.803055555555556,23.1,26.9,81.7,27.2,
2020-12-01,58.2,20.0,253.2,24.651612903225807,21.7,27.9,81.1,27.2,
2021-01-01,210.6,17.0,692.8,23.73333333333333,21.5,26.0,82.6,26.0,
2021-02-01,0.6,2.0,1.0,23.745386904761904,21.1,26.3,73.8,27.3,
2021-03-01,38.0,14.0,182.4,24.68938172043011,22.3,26.7,76.6,27.9,
2021-04-01,83.8,14.0,290.4,25.122500000000002,22.1,27.6,77.4,28.2,
2021-05-01,49.8,13.0,245.8,25.861424731182797,22.6,27.8,79.3,28.7,
2021-06-01,23.8,20.0,93.4,25.489305555555553,22.5,29.3,77.8,28.5,
2021-07-01,75.0,12.0,195.8,25.36922043010753,22.7,27.3,76.5,28.6,
2021-08-01,71.4,24.0,293.6,24.96317204301075,21.8,27.2,80.4,27.6,
2021-09-01,63.4,14.0,205.4,25.195833333333333,21.5,28.8,77.3,28.3,
2021-10-01,59.6,14.0,177.0,25.493682795698923,22.7,27.7,78.3,28.5,
2021-11-01,47.8,23.0,312.4,25.111944444444443,22.4,27.6,81.7,27.6,
2021-12-01,46.8,15.0,119.6,24.95604838709677,22.5,27.0,79.7,27.7,
2022-01-01,50.0,9.0,99.8,24.380913978494625,22.4,26.5,77.4,27.4,
2022-02-01,29.6,16.0,175.0,24.64985119047619,22.1,26.7,80.3,27.3,
2022-03-01,36.2,21.0,163.2,25.253225806451614,21.4,27.8,79.2,28.1,
2022-04-01,58.8,18.0,239.6,25.375416666666666,22.2,27.6,80.0,28.1,
2022-05-01,44.6,12.0,102.0,25.881317204301077,23.2,27.8,76.5,29.2,
2022-06-01,59.4,17.0,211.8,25.118055555555557,22.7,27.0,79.1,27.9,
2022-07-01,27.8,16.0,145.2,25.43911290322581,22.2,27.4,76.8,28.6,
2022-08-01,32.4,15.0,141.4,25.072311827956987,23.0,28.6,77.4,28.1,
